{"Train Loss": 0.084, "Valid Loss": 0.417445, "Accuracy": 0.87, "_timestamp": 1666294488.2374232, "_runtime": 196.01559615135193, "_step": 10, "validation_table_dropout_0.15986724674849265": {"_type": "table-file", "sha256": "0ad8bd91be8e0756cef326059b04002449364e5b3366c64ecd1b9d384f7f1ab5", "size": 20458, "artifact_path": "wandb-client-artifact://uk8ucko9lbo29n80q2ih8eb1e5zmad9zqmde9r6gtqs76pnxnd3r0csm54eiuvrg0wpnhn0oxj56aq2k97j6w7j5b50qnjrrpdzx5l5hat0f96qpyt1ko5mrta5ssitz:latest/validation_table_dropout_0.15986724674849265.table.json", "_latest_artifact_path": "wandb-client-artifact://uk8ucko9lbo29n80q2ih8eb1e5zmad9zqmde9r6gtqs76pnxnd3r0csm54eiuvrg0wpnhn0oxj56aq2k97j6w7j5b50qnjrrpdzx5l5hat0f96qpyt1ko5mrta5ssitz:latest/validation_table_dropout_0.15986724674849265.table.json", "path": "media/table/validation_table_dropout_0.15986724674849265_9_0ad8bd91be8e0756cef3.table.json", "ncols": 3, "nrows": 1200}, "_wandb": {"runtime": 195}}