{"Train Loss": 0.138, "Valid Loss": 1.968275, "Accuracy": 0.4, "_timestamp": 1666298792.8244128, "_runtime": 109.49456477165222, "_step": 10, "validation_table_dropout_0.2": {"_type": "table-file", "sha256": "2b286cb3c28c27d5439704dabf4fb5309de7329b74bf8990f517ab85dba4e2e8", "size": 398, "artifact_path": "wandb-client-artifact://tcqulca4uulcca6drm13bs9xbwf388thob6k5ttix911zlk2iugjamb8c3zs9d0h4ssa8ovk7zqp9wpw0xri3hkp7m593o2snr3nv494z4k278yf9kq864yrq5sbin6d:latest/validation_table_dropout_0.2.table.json", "_latest_artifact_path": "wandb-client-artifact://tcqulca4uulcca6drm13bs9xbwf388thob6k5ttix911zlk2iugjamb8c3zs9d0h4ssa8ovk7zqp9wpw0xri3hkp7m593o2snr3nv494z4k278yf9kq864yrq5sbin6d:latest/validation_table_dropout_0.2.table.json", "path": "media/table/validation_table_dropout_0.2_9_2b286cb3c28c27d54397.table.json", "ncols": 3, "nrows": 20}, "_wandb": {"runtime": 108}}