{"Train Loss": 0.654, "Valid Loss": 2.12552, "Accuracy": 0.3, "_timestamp": 1666297603.6302407, "_runtime": 106.51826357841492, "_step": 10, "validation_table_dropout_0.8": {"_type": "table-file", "sha256": "80a1482c8fcc28029475b9465d4ee8a039ba9b48bda18220d661615ed187336e", "size": 398, "artifact_path": "wandb-client-artifact://16s7szfnnjb96y21z7a7jwdp9zwr1cphnoyvbc2c36m5qplgcd64vfts42etgjstepiscy7llglnt09sbg823n92xzo9if0urc3k2v9elm0rnddgtfz920vx6usvl5ig:latest/validation_table_dropout_0.8.table.json", "_latest_artifact_path": "wandb-client-artifact://16s7szfnnjb96y21z7a7jwdp9zwr1cphnoyvbc2c36m5qplgcd64vfts42etgjstepiscy7llglnt09sbg823n92xzo9if0urc3k2v9elm0rnddgtfz920vx6usvl5ig:latest/validation_table_dropout_0.8.table.json", "path": "media/table/validation_table_dropout_0.8_9_80a1482c8fcc28029475.table.json", "ncols": 3, "nrows": 20}, "_wandb": {"runtime": 105}}