{"Train Loss": 0.736, "Valid Loss": 2.030456, "Accuracy": 0.45, "_timestamp": 1666299166.218841, "_runtime": 114.68316006660461, "_step": 10, "validation_table_dropout_0.8": {"_type": "table-file", "sha256": "4aa08545bb54a7a4119e08935292d402c237384cee4e5847adc2ead9eb7a688d", "size": 398, "artifact_path": "wandb-client-artifact://grv3ory555todeyto95sgb9v8sg2jzak2aped63lbj9y59xwmz5tz945ace47h6od5jt8f5mwpgb7e8v8qq1fb8r951on736qva212hyeqf02o8l2p3rmyq9o43yn2l6:latest/validation_table_dropout_0.8.table.json", "_latest_artifact_path": "wandb-client-artifact://grv3ory555todeyto95sgb9v8sg2jzak2aped63lbj9y59xwmz5tz945ace47h6od5jt8f5mwpgb7e8v8qq1fb8r951on736qva212hyeqf02o8l2p3rmyq9o43yn2l6:latest/validation_table_dropout_0.8.table.json", "path": "media/table/validation_table_dropout_0.8_9_4aa08545bb54a7a4119e.table.json", "ncols": 3, "nrows": 20}, "_wandb": {"runtime": 114}}