{"Train Loss": 0.27, "Valid Loss": 2.022195, "Accuracy": 0.55, "_timestamp": 1666297486.0637856, "_runtime": 112.09770560264587, "_step": 10, "validation_table_dropout_0.6": {"_type": "table-file", "sha256": "f718613582b712c2722448a4e9f0b57919f9aa430b9f375d1fe4fa9c581dc03d", "size": 398, "artifact_path": "wandb-client-artifact://s10izpebvswex6b9qdlvl826uz1r5hsjoe596clkkz1gs0kvoavc97i0qj6mzu7t2atjzy0na6fr9g908rawqmzfqltfbvez3ff44q9whiic7sh5utedxt1ptzijgzm5:latest/validation_table_dropout_0.6.table.json", "_latest_artifact_path": "wandb-client-artifact://s10izpebvswex6b9qdlvl826uz1r5hsjoe596clkkz1gs0kvoavc97i0qj6mzu7t2atjzy0na6fr9g908rawqmzfqltfbvez3ff44q9whiic7sh5utedxt1ptzijgzm5:latest/validation_table_dropout_0.6.table.json", "path": "media/table/validation_table_dropout_0.6_9_f718613582b712c27224.table.json", "ncols": 3, "nrows": 20}, "_wandb": {"runtime": 110}}