{"Train Loss": 0.223, "Valid Loss": 2.013265, "Accuracy": 0.53, "_timestamp": 1666295038.5805528, "_runtime": 317.2604627609253, "_step": 32, "validation_table_dropout_0.5336786564398852": {"_type": "table-file", "sha256": "7133d7696f9ef0ed3d60f1a721f9c4999596cd4a62a84835b8266c7e4859f4e9", "size": 738, "artifact_path": "wandb-client-artifact://p3aznm7nxijvx43u8or0ue5kx607v67sdyv7utmb03ibdch0o92vb2ld4mq27i6op5pxa3qbezvs9z52jcndw33u7i72erntv17f6proplwmisu7dqe79lxhzk6363rl:latest/validation_table_dropout_0.5336786564398852.table.json", "_latest_artifact_path": "wandb-client-artifact://p3aznm7nxijvx43u8or0ue5kx607v67sdyv7utmb03ibdch0o92vb2ld4mq27i6op5pxa3qbezvs9z52jcndw33u7i72erntv17f6proplwmisu7dqe79lxhzk6363rl:latest/validation_table_dropout_0.5336786564398852.table.json", "path": "media/table/validation_table_dropout_0.5336786564398852_9_7133d7696f9ef0ed3d60.table.json", "ncols": 3, "nrows": 40}, "validation_table_dropout_0.21004000882419016": {"_type": "table-file", "sha256": "d25e1339581907c8d0ac7a505bdc20f239bd6f840d7088c04b6d89091130d862", "size": 738, "artifact_path": "wandb-client-artifact://32h78sj4km4z8rk8dllr05q7o5uo8jq6lz2xos9szn38rvgv0tcf2slr0zzdwvabmyfxf9t59cwsv0pg6uithqkoxwbxnqfkadtv3ot89fg9s0zvv3266hsojcpcwlqa:latest/validation_table_dropout_0.21004000882419016.table.json", "_latest_artifact_path": "wandb-client-artifact://32h78sj4km4z8rk8dllr05q7o5uo8jq6lz2xos9szn38rvgv0tcf2slr0zzdwvabmyfxf9t59cwsv0pg6uithqkoxwbxnqfkadtv3ot89fg9s0zvv3266hsojcpcwlqa:latest/validation_table_dropout_0.21004000882419016.table.json", "path": "media/table/validation_table_dropout_0.21004000882419016_20_d25e1339581907c8d0ac.table.json", "ncols": 3, "nrows": 40}, "validation_table_dropout_0.2121726241106153": {"_type": "table-file", "sha256": "7c5ba9ffee20a30ec0816339c49e342c3d664db204b588c9c8a02d546e97aed9", "size": 738, "artifact_path": "wandb-client-artifact://djhbtp74tsfftak5qyq84ktnhrwnb1c39s8jso10no3lsx4f02h8xpklog4rsoar355d9iasuxesftbgtpz2qvlcb4g21fuxm2lpg1puqnq5nz344jpizz0oo6mxa6mz:latest/validation_table_dropout_0.2121726241106153.table.json", "_latest_artifact_path": "wandb-client-artifact://djhbtp74tsfftak5qyq84ktnhrwnb1c39s8jso10no3lsx4f02h8xpklog4rsoar355d9iasuxesftbgtpz2qvlcb4g21fuxm2lpg1puqnq5nz344jpizz0oo6mxa6mz:latest/validation_table_dropout_0.2121726241106153.table.json", "path": "media/table/validation_table_dropout_0.2121726241106153_31_7c5ba9ffee20a30ec081.table.json", "ncols": 3, "nrows": 40}, "_wandb": {"runtime": 317}}