{"Train Loss": 0.282, "Valid Loss": 1.98627, "Accuracy": 0.53, "_timestamp": 1666295384.2459037, "_runtime": 112.15811467170715, "_step": 10, "validation_table_dropout_0.456267497733207": {"_type": "table-file", "sha256": "8362ed4ea3f22c65ac94a3f5774778a7f0059658b8a042c47251a4de5928727e", "size": 738, "artifact_path": "wandb-client-artifact://6sqny8plj6gl4lxz0g5183ci2cikjkeox1jdo9owjqumvjyim1qhfuwdjjfqj8s2ea26xfmsmcriklf4ozx2z5imh7909cd44ar5mre8aaoogesqw7h78s7z4onzt8px:latest/validation_table_dropout_0.456267497733207.table.json", "_latest_artifact_path": "wandb-client-artifact://6sqny8plj6gl4lxz0g5183ci2cikjkeox1jdo9owjqumvjyim1qhfuwdjjfqj8s2ea26xfmsmcriklf4ozx2z5imh7909cd44ar5mre8aaoogesqw7h78s7z4onzt8px:latest/validation_table_dropout_0.456267497733207.table.json", "path": "media/table/validation_table_dropout_0.456267497733207_9_8362ed4ea3f22c65ac94.table.json", "ncols": 3, "nrows": 40}, "_wandb": {"runtime": 112}}