{"Train Loss": 0.105, "Valid Loss": 2.015424, "Accuracy": 0.35, "_timestamp": 1666297100.363926, "_runtime": 110.52222490310669, "_step": 10, "validation_table_dropout_0.01": {"_type": "table-file", "sha256": "27ef2c3e1688617ecc1ed8793bb8ada23a6bb9bca227b28a0f4edbabb103e9c0", "size": 398, "artifact_path": "wandb-client-artifact://bwvg97iha8dydxtzyq4km68zthzl79mni19n7dl1m1r8lrcul98ff6ujthrcvzqem4a9x6t2tkes8ma5o3132kwk1zufn3x3i9ajgedmix6gso0hr7xdztca6zem8jeh:latest/validation_table_dropout_0.01.table.json", "_latest_artifact_path": "wandb-client-artifact://bwvg97iha8dydxtzyq4km68zthzl79mni19n7dl1m1r8lrcul98ff6ujthrcvzqem4a9x6t2tkes8ma5o3132kwk1zufn3x3i9ajgedmix6gso0hr7xdztca6zem8jeh:latest/validation_table_dropout_0.01.table.json", "path": "media/table/validation_table_dropout_0.01_9_27ef2c3e1688617ecc1e.table.json", "ncols": 3, "nrows": 20}, "_wandb": {"runtime": 109}}