{
    "os": "Windows-10-10.0.22000-SP0",
    "python": "3.8.3",
    "heartbeatAt": "2022-10-20T19:17:45.460080",
    "startedAt": "2022-10-20T19:17:43.443464",
    "docker": null,
    "gpu": "NVIDIA GeForce GTX 1650 Ti",
    "gpu_count": 1,
    "cpu_count": 12,
    "cuda": null,
    "args": [],
    "state": "running",
    "program": "exercise.py",
    "codePath": "Pset 4\\exercise.py",
    "git": {
        "remote": "https://github.com/christyjestin/cs197psets.git",
        "commit": "e1efa9e394dfb5c1935a85e12f6e09e9b3ba11fa"
    },
    "email": "cjj9000@gmail.com",
    "root": "C:/Users/cjj90/Downloads/CS 197/Psets",
    "host": "DESKTOP-OJTRVJB",
    "username": "cjj90",
    "executable": "C:\\Users\\cjj90\\anaconda3\\python.exe"
}
