{"Train Loss": 0.109, "Valid Loss": 1.971825, "Accuracy": 0.5, "_timestamp": 1666298669.3989518, "_runtime": 109.74998688697815, "_step": 10, "validation_table_dropout_0.01": {"_type": "table-file", "sha256": "9083eb09b6b259cb5136bef06371ae235e1dbfd0858b3d64275d2905f04e98de", "size": 398, "artifact_path": "wandb-client-artifact://9u5z06i50suioemymnp2uxocvb588sj5ozfy6u5xxmgrt1gnjwfwwxikanorpxxjgeg9selcgp07vw8i93r4zz413xvhbe9byermlrqpslo5h9zthnz1jhh89bwkgpsb:latest/validation_table_dropout_0.01.table.json", "_latest_artifact_path": "wandb-client-artifact://9u5z06i50suioemymnp2uxocvb588sj5ozfy6u5xxmgrt1gnjwfwwxikanorpxxjgeg9selcgp07vw8i93r4zz413xvhbe9byermlrqpslo5h9zthnz1jhh89bwkgpsb:latest/validation_table_dropout_0.01.table.json", "path": "media/table/validation_table_dropout_0.01_9_9083eb09b6b259cb5136.table.json", "ncols": 3, "nrows": 20}, "_wandb": {"runtime": 109}}