{"Train Loss": 0.616, "Valid Loss": 2.041832, "Accuracy": 0.57, "_timestamp": 1666295584.5915446, "_runtime": 109.84052658081055, "_step": 10, "validation_table_dropout_0.7450902623529138": {"_type": "table-file", "sha256": "3bff3ad24e836a7a3a7dab97d827edd6b30b19183a8d976c81acf4d0ce8f82e2", "size": 738, "artifact_path": "wandb-client-artifact://mx1anih86m1riny7yrrc7dtwsdvcdneoqlc1in78lgvlblcvthi2t6aco23ub7bjujdm8xg1v6hirjz53vj1ptkaj33zabaz702x4uo0e9kwn07vlgqdc90sziohlybw:latest/validation_table_dropout_0.7450902623529138.table.json", "_latest_artifact_path": "wandb-client-artifact://mx1anih86m1riny7yrrc7dtwsdvcdneoqlc1in78lgvlblcvthi2t6aco23ub7bjujdm8xg1v6hirjz53vj1ptkaj33zabaz702x4uo0e9kwn07vlgqdc90sziohlybw:latest/validation_table_dropout_0.7450902623529138.table.json", "path": "media/table/validation_table_dropout_0.7450902623529138_9_3bff3ad24e836a7a3a7d.table.json", "ncols": 3, "nrows": 40}, "_wandb": {"runtime": 109}}