{"Train Loss": 0.241, "Valid Loss": 1.990094, "Accuracy": 0.5, "_timestamp": 1666298915.0596848, "_runtime": 109.35763168334961, "_step": 10, "validation_table_dropout_0.4": {"_type": "table-file", "sha256": "1d8f6b38971c41cdb81b0cc348da608480a6e6cd0dc6ddcf8423d025c4f34860", "size": 398, "artifact_path": "wandb-client-artifact://688a0v47dcrc70ray5vi7j54ps2t7c52v4l9vpqw1w2kbuo1mf1nq7wthsmmfvhbh5no1wqv1815eo6gkpsnoyf1up29egsy2vnk33w8llyj5tv1ghx4apeq9yfm1jw4:latest/validation_table_dropout_0.4.table.json", "_latest_artifact_path": "wandb-client-artifact://688a0v47dcrc70ray5vi7j54ps2t7c52v4l9vpqw1w2kbuo1mf1nq7wthsmmfvhbh5no1wqv1815eo6gkpsnoyf1up29egsy2vnk33w8llyj5tv1ghx4apeq9yfm1jw4:latest/validation_table_dropout_0.4.table.json", "path": "media/table/validation_table_dropout_0.4_9_1d8f6b38971c41cdb81b.table.json", "ncols": 3, "nrows": 20}, "_wandb": {"runtime": 108}}