{"Train Loss": 0.375, "Valid Loss": 2.042469, "Accuracy": 0.45, "_timestamp": 1666299038.0681984, "_runtime": 109.0772774219513, "_step": 10, "validation_table_dropout_0.6": {"_type": "table-file", "sha256": "79acba2cffa794c485bf0d0f316e638b587c53d28bb34681e12111aeb731f872", "size": 398, "artifact_path": "wandb-client-artifact://18uxn59tgahvkkgga9vjqf5g2zqem4i5xxifwpjvaa1sewdk34k1qeli99akxxochxb6x420ksiv2xhg1r50dvwvvtd2wycw3ssyuzmw17zojpjt0cwmckru5dta1kvl:latest/validation_table_dropout_0.6.table.json", "_latest_artifact_path": "wandb-client-artifact://18uxn59tgahvkkgga9vjqf5g2zqem4i5xxifwpjvaa1sewdk34k1qeli99akxxochxb6x420ksiv2xhg1r50dvwvvtd2wycw3ssyuzmw17zojpjt0cwmckru5dta1kvl:latest/validation_table_dropout_0.6.table.json", "path": "media/table/validation_table_dropout_0.6_9_79acba2cffa794c485bf.table.json", "ncols": 3, "nrows": 20}, "_wandb": {"runtime": 108}}