{"Train Loss": 0.155, "Valid Loss": 1.98524, "Accuracy": 0.55, "_timestamp": 1666297226.1234589, "_runtime": 112.61909294128418, "_step": 10, "validation_table_dropout_0.2": {"_type": "table-file", "sha256": "ca217d864a3cb7bfe88aa1ea8ea4aa76a3c65290f48bd590c5048b2f3983cbe6", "size": 398, "artifact_path": "wandb-client-artifact://xr4vcrqgaf9qtiqg210jb0nt6f0n038ajao25ghdezq1h9onhnmgpkwi99r7y328yyt409usuwfy3sz5hartbcjpfmvf1o4syfjf2cysq9bphk9bilfcg98g1yyrsga9:latest/validation_table_dropout_0.2.table.json", "_latest_artifact_path": "wandb-client-artifact://xr4vcrqgaf9qtiqg210jb0nt6f0n038ajao25ghdezq1h9onhnmgpkwi99r7y328yyt409usuwfy3sz5hartbcjpfmvf1o4syfjf2cysq9bphk9bilfcg98g1yyrsga9:latest/validation_table_dropout_0.2.table.json", "path": "media/table/validation_table_dropout_0.2_9_ca217d864a3cb7bfe88a.table.json", "ncols": 3, "nrows": 20}, "_wandb": {"runtime": 111}}