{"Train Loss": 0.212, "Valid Loss": 2.014919, "Accuracy": 0.5, "_timestamp": 1666297353.8018959, "_runtime": 112.32211685180664, "_step": 10, "validation_table_dropout_0.4": {"_type": "table-file", "sha256": "a50b0fcc2bce301ca4f66ca32a41a2f87f0ad86b6a10a9f044905b7ab628cbb3", "size": 398, "artifact_path": "wandb-client-artifact://ypoz8otq49wf1grd9i6eje10ubvrjnz38g2kcswr58xn88xcgmzcrp2itvvm8n6381ju9t09og2tqb90chf6bpuqx8c6dka5w9ipwvorj27rvmqsb0gzti6gim2mttyd:latest/validation_table_dropout_0.4.table.json", "_latest_artifact_path": "wandb-client-artifact://ypoz8otq49wf1grd9i6eje10ubvrjnz38g2kcswr58xn88xcgmzcrp2itvvm8n6381ju9t09og2tqb90chf6bpuqx8c6dka5w9ipwvorj27rvmqsb0gzti6gim2mttyd:latest/validation_table_dropout_0.4.table.json", "path": "media/table/validation_table_dropout_0.4_9_a50b0fcc2bce301ca4f6.table.json", "ncols": 3, "nrows": 20}, "_wandb": {"runtime": 111}}